,,1,2,3,4,5,6,7,8,9,10,11,12,13,14,15,16,17,18
Phoneme,Репрезентация,Есть ли звук в русском языке?,Есть ли звук в английском языке?,При произнесении этого звука есть фонация?,Это гласный верхнего подъема?,Этот звук слогообразующий? ,Это долгий звук?,Одним из активных артикуляторов при произнесении этого звука являются губы?,Это гласный переднего ряда?,Голосовые связки разведены при произнесении этого звука?,Это назализованный гласный?,Это гласный заднего ряда?,Этот гласный напряженный?,При произнесении этих звуков сводятся голосовые связки? сужается голосовая щель?,Этот звук огубленный?,Это гласный нижнего подъема?,Это краткий звук?,При произнесении этого звука корень языка отодвигается к глотке? ,"При произнесении этого звука расширяется полость глотки продвижением основной части языка вперед, а еще часто опущением гортани? "
a,0.8935935198821797,1,1,1,0,1,0,0,0,0,0,0,-1,0,-1,1,0,0,0
ă,0.0022091310751104565,0,0,1,0,1,0,0,0,0,0,0,-1,0,-1,1,1,0,0
ẵ,0.0003681885125184094,0,0,1,0,1,0,0,0,0,1,0,-1,0,-1,1,1,0,0
å,0.0003681885125184094,0,0,0,0,1,0,0,0,0,0,0,-1,0,-1,1,0,0,0
ä,0.02577319587628866,0,0,1,0,1,0,0,0,0,0,0,-1,0,-1,1,0,0,0
ã,0.18298969072164947,0,0,1,0,1,0,0,0,0,1,0,-1,0,-1,1,0,0,0
ã̈,0.0029455081001472753,0,0,1,0,1,0,0,0,0,1,0,-1,0,-1,1,0,0,0
a̟,0.0003681885125184094,0,0,1,0,1,0,0,-1,0,0,0,-1,0,-1,1,0,0,0
a̙,0.0003681885125184094,0,0,1,0,1,0,0,0,0,0,0,-1,0,-1,1,0,1,0
a̞,0.0003681885125184094,0,0,1,0,1,0,0,0,0,0,0,-1,0,-1,1,0,0,0
ã̟,0.0029455081001472753,0,0,1,0,1,0,0,-1,0,1,0,-1,0,-1,1,0,0,0
a̤,0.007731958762886598,0,0,1,0,1,0,0,0,1,0,0,-1,0,-1,1,0,0,0
ä̤,0.0003681885125184094,0,0,1,0,1,0,0,0,1,0,0,-1,0,-1,1,0,0,0
ã̤,0.0003681885125184094,0,0,1,0,1,0,0,0,1,1,0,-1,0,-1,1,0,0,0
ḁ,0.0003681885125184094,0,0,0,0,1,0,0,0,0,0,0,-1,0,-1,1,0,0,0
a̰,0.009941089837997054,0,0,1,0,1,0,0,0,0,0,0,-1,1,-1,1,0,0,0
ã̰,0.0029455081001472753,0,0,1,0,1,0,0,0,0,1,0,-1,1,-1,1,0,0,0
aː,0.30375552282768775,0,0,1,0,1,1,0,0,0,0,0,-1,0,-1,1,0,0,0
äː,0.01288659793814433,0,0,1,0,1,1,0,0,0,0,0,-1,0,-1,1,0,0,0
ãː,0.029086892488954345,0,0,1,0,1,1,0,0,0,1,0,-1,0,-1,1,0,0,0
ã̈ː,0.001840942562592047,0,0,1,0,1,1,0,0,0,1,0,-1,0,-1,1,0,0,0
a̟ː,0.0003681885125184094,0,0,1,0,1,1,0,-1,0,0,0,-1,0,-1,1,0,0,0
a̙ː,0.0003681885125184094,0,0,1,0,1,1,0,0,0,0,0,-1,0,-1,1,0,1,0
ã̟ː,0.0003681885125184094,0,0,1,0,1,1,0,-1,0,1,0,-1,0,-1,1,0,0,0
a̟̙ː,0.0003681885125184094,0,0,1,0,1,1,0,-1,0,0,0,-1,0,-1,1,0,1,0
a̤ː,0.002577319587628866,0,0,1,0,1,1,0,0,1,0,0,-1,0,-1,1,0,0,0
ã̤̈ː,0.0003681885125184094,0,0,1,0,1,1,0,0,1,1,0,-1,0,-1,1,0,0,0
a̰ː,0.0003681885125184094,0,0,1,0,1,1,0,0,0,0,0,-1,1,-1,1,0,0,0
aˑ,0.002577319587628866,0,0,1,0,1,1,0,0,0,0,0,-1,0,-1,1,1,0,0
a̤ˑ,0.0011045655375552283,0,0,1,0,1,1,0,0,1,0,0,-1,0,-1,1,1,0,0
a̰ˑ,0.0003681885125184094,0,0,1,0,1,1,0,0,0,0,0,-1,1,-1,1,1,0,0
æ,0.0743740795287187,0,1,1,0,1,0,0,1,0,0,0,-1,0,-1,1,0,0,0
æ̃,0.016200294550810016,0,0,1,0,1,0,0,1,0,1,0,-1,0,-1,1,0,0,0
æ̞̃,0.009941089837997054,0,0,1,0,1,0,0,1,0,1,0,-1,0,-1,1,0,0,0
æ̤,0.0003681885125184094,0,0,1,0,1,0,0,1,1,0,0,-1,0,-1,1,0,0,0
æ̰,0.0011045655375552283,0,0,1,0,1,0,0,1,0,0,0,-1,1,-1,1,0,0,0
æː,0.02540500736377025,0,0,1,0,1,1,0,1,0,0,0,-1,0,-1,1,0,0,0
æ̃ː,0.002577319587628866,0,0,1,0,1,1,0,1,0,1,0,-1,0,-1,1,0,0,0
æ̤ː,0.0003681885125184094,0,0,1,0,1,1,0,1,1,0,0,-1,0,-1,1,0,0,0
æˑ,0.0003681885125184094,0,0,1,0,1,1,0,1,0,0,0,-1,0,-1,1,1,0,0
aʱ,0.0003681885125184094,0,0,1,0,1,0,0,0,1,0,0,-1,0,-1,1,0,0,0
aˀ,0.0003681885125184094,0,0,1,0,1,0,0,0,0,0,0,-1,1,-1,1,0,0,0
ɐ,0.02466863033873343,0,0,1,0,1,0,1,0,0,0,0,-1,0,1,1,0,0,0
ɐ̆,0.0014727540500736377,0,0,1,0,1,0,1,0,0,0,0,-1,0,1,1,1,0,0
ɐ̃,0.0029455081001472753,0,0,1,0,1,0,1,0,0,1,0,-1,0,1,1,0,0,0
ɐ̟,0.0003681885125184094,0,0,1,0,1,0,1,-1,0,0,0,-1,0,1,1,0,0,0
ɐ̹̆,0.0007363770250368188,0,0,1,0,1,0,1,0,0,0,0,-1,0,1,1,1,0,0
ɐː,0.004418262150220913,0,0,1,0,1,1,1,0,0,0,0,-1,0,1,1,0,0,0
ɑ,0.07547864506627393,0,1,1,0,1,0,0,0,0,0,1,-1,0,-1,1,0,0,0
ɑ̆,0.0003681885125184094,0,0,1,0,1,0,0,0,0,0,1,-1,0,-1,1,1,0,0
ɑ̈,0.0003681885125184094,0,0,1,0,1,0,0,0,0,0,-1,-1,0,-1,1,0,0,0
ɑ̃,0.017304860088365244,0,0,1,0,1,0,0,0,0,1,1,-1,0,-1,1,0,0,0
ɑ̝,0.0003681885125184094,0,0,1,0,1,0,0,0,0,0,1,-1,0,-1,-1,0,0,0
ɑ̙,0.0003681885125184094,0,0,1,0,1,0,0,0,0,0,1,-1,0,-1,1,0,1,0
ɑ̟̝,0.0003681885125184094,0,0,1,0,1,0,0,0,0,0,-1,-1,0,-1,-1,0,0,0
ɑ̝̹,0.0003681885125184094,0,0,1,0,1,0,0,0,0,0,1,-1,0,-1,-1,0,0,0
ɑ̤,0.002577319587628866,0,0,1,0,1,0,0,0,1,0,1,-1,0,-1,1,0,0,0
ɑː,0.03424153166421208,0,1,1,0,1,1,0,0,0,0,1,-1,0,-1,1,0,0,0
ɑ̈ː,0.0003681885125184094,0,0,1,0,1,1,0,0,0,0,-1,-1,0,-1,1,0,0,0
ɑ̃ː,0.005154639175257732,0,0,1,0,1,1,0,0,0,1,1,-1,0,-1,1,0,0,0
ɑ̟ː,0.0003681885125184094,0,0,1,0,1,1,0,0,0,0,-1,-1,0,-1,1,0,0,0
ɑ̝ː,0.0003681885125184094,0,0,1,0,1,1,0,0,0,0,1,-1,0,-1,-1,0,0,0
ɑ̤ː,0.0003681885125184094,0,0,1,0,1,1,0,0,1,0,1,-1,0,-1,1,0,0,0
ɑ̰ː,0.0003681885125184094,0,0,1,0,1,1,0,0,0,0,1,-1,1,-1,1,0,0,0
ɑˑ,0.0003681885125184094,0,0,1,0,1,1,0,0,0,0,1,-1,0,-1,1,1,0,0
ɑ̟ˑ,0.0003681885125184094,0,0,1,0,1,1,0,0,0,0,-1,-1,0,-1,1,1,0,0
ɒ,0.02025036818851252,0,1,1,0,1,0,1,0,0,0,1,-1,0,1,1,0,0,0
ɒ̆,0.0007363770250368188,0,0,1,0,1,0,1,0,0,0,1,-1,0,1,1,1,0,0
ɒ̃,0.0029455081001472753,0,0,1,0,1,0,1,0,0,1,1,-1,0,1,1,0,0,0
ɒ̝,0.0003681885125184094,0,0,1,0,1,0,1,0,0,0,1,-1,0,1,-1,0,0,0
ɒ̤,0.0007363770250368188,0,0,1,0,1,0,1,0,1,0,1,-1,0,1,1,0,0,0
ɒː,0.006995581737849779,0,0,1,0,1,1,1,0,0,0,1,-1,0,1,1,0,0,0
ɒ̃ː,0.0011045655375552283,0,0,1,0,1,1,1,0,0,1,1,-1,0,1,1,0,0,0
e,0.6237113402061856,1,0,1,0,1,0,0,1,0,0,0,1,0,-1,0,0,0,0
ĕ,0.0014727540500736377,0,0,1,0,1,0,0,1,0,0,0,1,0,-1,0,1,0,0
ë,0.0014727540500736377,0,0,1,0,1,0,0,-1,0,0,0,-1,0,-1,0,0,0,0
ẽ,0.11524300441826216,0,0,1,0,1,0,0,1,0,1,0,1,0,-1,0,0,0,0
e̞,0.0003681885125184094,0,0,1,0,1,0,0,1,0,0,0,-1,0,-1,0,0,0,0
e̯,0.0003681885125184094,0,0,1,0,0,0,0,1,0,0,0,1,0,-1,0,0,0,0
e̝,0.0003681885125184094,0,0,1,-1,1,0,0,1,0,0,0,1,0,-1,0,0,0,0
e̘,0.0003681885125184094,0,0,1,0,1,0,0,1,0,0,0,1,0,-1,0,0,0,1
e̙,0.0003681885125184094,0,0,1,0,1,0,0,1,0,0,0,1,0,-1,0,0,1,0
ĕ̞,0.0007363770250368188,0,0,1,0,1,0,0,1,0,0,0,-1,0,-1,0,1,0,0
ë̞,0.0007363770250368188,0,0,1,0,1,0,0,-1,0,0,0,-1,0,-1,0,0,0,0
ẽ̞,0.0195139911634757,0,0,1,0,1,0,0,1,0,1,0,-1,0,-1,0,0,0,0
e̞̥,0.0003681885125184094,0,0,0,0,1,0,0,1,0,0,0,-1,0,-1,0,0,0,0
e̞̰,0.0007363770250368188,0,0,1,0,1,0,0,1,0,0,0,-1,1,-1,0,0,0,0
ẽ̞̰,0.0003681885125184094,0,0,1,0,1,0,0,1,0,1,0,-1,1,-1,0,0,0,0
e̤,0.008836524300441826,0,0,1,0,1,0,0,1,1,0,0,1,0,-1,0,0,0,0
e̥,0.0003681885125184094,0,0,0,0,1,0,0,1,0,0,0,1,0,-1,0,0,0,0
ḛ,0.007731958762886598,0,0,1,0,1,0,0,1,0,0,0,1,1,-1,0,0,0,0
ḛ̃,0.0011045655375552283,0,0,1,0,1,0,0,1,0,1,0,1,1,-1,0,0,0,0
eː,0.21539027982326953,0,1,1,0,1,1,0,1,0,0,0,1,0,-1,0,0,0,0
ëː,0.0003681885125184094,0,0,1,0,1,1,0,-1,0,0,0,-1,0,-1,0,0,0,0
ẽː,0.017673048600883652,0,0,1,0,1,1,0,1,0,1,0,1,0,-1,0,0,0,0
e̞ː,0.0003681885125184094,0,0,1,0,1,1,0,1,0,0,0,-1,0,-1,0,0,0,0
e̘ː,0.0003681885125184094,0,0,1,0,1,1,0,1,0,0,0,1,0,-1,0,0,0,1
ẽ̞ː,0.0014727540500736377,0,0,1,0,1,1,0,1,0,1,0,-1,0,-1,0,0,0,0
e̤ː,0.002577319587628866,0,0,1,0,1,1,0,1,1,0,0,1,0,-1,0,0,0,0
e̥ː,0.0003681885125184094,0,0,0,0,1,1,0,1,0,0,0,1,0,-1,0,0,0,0
ḛː,0.0003681885125184094,0,0,1,0,1,1,0,1,0,0,0,1,1,-1,0,0,0,0
eˑ,0.0029455081001472753,0,0,1,0,1,1,0,1,0,0,0,1,0,-1,0,1,0,0
e̤ˑ,0.0011045655375552283,0,0,1,0,1,1,0,1,1,0,0,1,0,-1,0,1,0,0
ḛˑ,0.0003681885125184094,0,0,1,0,1,1,0,1,0,0,0,1,1,-1,0,1,0,0
eʱ,0.0003681885125184094,0,0,1,0,1,0,0,1,1,0,0,1,0,-1,0,0,0,0
eˀ,0.0003681885125184094,0,0,1,0,1,0,0,1,0,0,0,1,1,-1,0,0,0,0
ə,0.22827687776141384,0,1,1,0,1,0,0,0,0,0,0,0,0,-1,0,0,0,0
ə̆,0.005522827687776142,0,0,1,0,1,0,0,0,0,0,0,0,0,-1,0,1,0,0
ə̃,0.030927835051546393,0,0,1,0,1,0,0,0,0,1,0,0,0,-1,0,0,0,0
ə̟,0.0003681885125184094,0,0,1,0,1,0,0,-1,0,0,0,0,0,-1,0,0,0,0
ə̯,0.0003681885125184094,0,0,1,0,0,0,0,0,0,0,0,0,0,-1,0,0,0,0
ə̞̆,0.0003681885125184094,0,0,1,0,1,0,0,0,0,0,0,0,0,-1,-1,1,0,0
ə̟̆,0.0003681885125184094,0,0,1,0,1,0,0,-1,0,0,0,0,0,-1,0,1,0,0
ə̤,0.0014727540500736377,0,0,1,0,1,0,0,0,1,0,0,0,0,-1,0,0,0,0
ə̥,0.0003681885125184094,0,0,0,0,1,0,0,0,0,0,0,0,0,-1,0,0,0,0
ə̰,0.0014727540500736377,0,0,1,0,1,0,0,0,0,0,0,0,1,-1,0,0,0,0
ə̰̃,0.0007363770250368188,0,0,1,0,1,0,0,0,0,1,0,0,1,-1,0,0,0,0
ə̹,0.0003681885125184094,0,0,1,0,1,0,0,0,0,0,0,0,0,-1,0,0,0,0
əː,0.04160530191458026,0,0,1,0,1,1,0,0,0,0,0,0,0,-1,0,0,0,0
ə̃ː,0.007363770250368188,0,0,1,0,1,1,0,0,0,1,0,0,0,-1,0,0,0,0
ə̘ː,0.0003681885125184094,0,0,1,0,1,1,0,0,0,0,0,0,0,-1,0,0,0,1
ə̤̃ː,0.0003681885125184094,0,0,1,0,1,1,0,0,1,1,0,0,0,-1,0,0,0,0
əˑ,0.0003681885125184094,0,0,1,0,1,1,0,0,0,0,0,0,0,-1,0,1,0,0
ɛ,0.3751840942562592,0,1,1,0,1,0,0,1,0,0,0,0,0,-1,0,0,0,0
ɛ̆,0.0011045655375552283,0,0,1,0,1,0,0,1,0,0,0,0,0,-1,0,1,0,0
ɛ̆̃,0.0003681885125184094,0,0,1,0,1,0,0,1,0,1,0,0,0,-1,0,1,0,0
ɛ̃,0.08394698085419734,0,0,1,0,1,0,0,1,0,1,0,0,0,-1,0,0,0,0
ɛ̯,0.0003681885125184094,0,0,1,0,0,0,0,1,0,0,0,0,0,-1,0,0,0,0
ɛ̙,0.0003681885125184094,0,0,1,0,1,0,0,1,0,0,0,0,0,-1,0,0,1,0
ɛ̝,0.0003681885125184094,0,0,1,0,1,0,0,1,0,0,0,-1,0,-1,0,0,0,0
ɛ̞,0.0003681885125184094,0,0,1,0,1,0,0,1,0,0,0,0,0,-1,-1,0,0,0
ɛ̤,0.005891016200294551,0,0,1,0,1,0,0,1,1,0,0,0,0,-1,0,0,0,0
ɛ̰,0.0029455081001472753,0,0,1,0,1,0,0,1,0,0,0,0,1,-1,0,0,0,0
ɛ̰̃,0.0003681885125184094,0,0,1,0,1,0,0,1,0,1,0,0,1,-1,0,0,0,0
ɛː,0.10898379970544919,0,0,1,0,1,1,0,1,0,0,0,0,0,-1,0,0,0,0
ɛ̃ː,0.017304860088365244,0,0,1,0,1,1,0,1,0,1,0,0,0,-1,0,0,0,0
ɛ̘ː,0.0003681885125184094,0,0,1,0,1,1,0,1,0,0,0,0,0,-1,0,0,0,1
ɛ̙ː,0.0003681885125184094,0,0,1,0,1,1,0,1,0,0,0,0,0,-1,0,0,1,0
ɛ̝ː,0.0003681885125184094,0,0,1,0,1,1,0,1,0,0,0,-1,0,-1,0,0,0,0
ɛ̤ː,0.002577319587628866,0,0,1,0,1,1,0,1,1,0,0,0,0,-1,0,0,0,0
ɛ̤̃ː,0.0003681885125184094,0,0,1,0,1,1,0,1,1,1,0,0,0,-1,0,0,0,0
ɛ̰ː,0.0007363770250368188,0,0,1,0,1,1,0,1,0,0,0,0,1,-1,0,0,0,0
ɛˑ,0.0011045655375552283,0,0,1,0,1,1,0,1,0,0,0,0,0,-1,0,1,0,0
ɛ̤ˑ,0.0011045655375552283,0,0,1,0,1,1,0,1,1,0,0,0,0,-1,0,1,0,0
ɛ̰ˑ,0.0003681885125184094,0,0,1,0,1,1,0,1,0,0,0,0,1,-1,0,1,0,0
ɘ,0.015832106038291605,0,0,1,0,1,0,0,0,0,0,0,1,0,-1,0,0,0,0
ɘ̆,0.0003681885125184094,0,0,1,0,1,0,0,0,0,0,0,1,0,-1,0,1,0,0
ɘ̃,0.0011045655375552283,0,0,1,0,1,0,0,0,0,1,0,1,0,-1,0,0,0,0
ɘ̟,0.0003681885125184094,0,0,1,0,1,0,0,-1,0,0,0,1,0,-1,0,0,0,0
ɘː,0.0029455081001472753,0,0,1,0,1,1,0,0,0,0,0,1,0,-1,0,0,0,0
ɘ̃ː,0.0003681885125184094,0,0,1,0,1,1,0,0,0,1,0,1,0,-1,0,0,0,0
ɜ,0.01288659793814433,0,0,1,0,1,0,0,0,0,0,0,0,0,-1,0,0,0,0
ɜ̃,0.001840942562592047,0,0,1,0,1,0,0,0,0,1,0,0,0,-1,0,0,0,0
ɜ̹,0.0003681885125184094,0,0,1,0,1,0,0,0,0,0,0,0,0,-1,0,0,0,0
ɜː,0.001840942562592047,0,0,1,0,1,1,0,0,0,0,0,0,0,-1,0,0,0,0
ɜ̹ː,0.0003681885125184094,0,0,1,0,1,1,0,0,0,0,0,0,0,-1,0,0,0,0
ɞ,0.001840942562592047,0,0,1,0,1,0,1,0,0,0,0,0,0,1,0,0,0,0
ɞ̜,0.0003681885125184094,0,0,1,0,1,0,1,0,0,0,0,0,0,-1,0,0,0,0
ɞ̜̰,0.0003681885125184094,0,0,1,0,1,0,1,0,0,0,0,0,1,-1,0,0,0,0
ɞ̰,0.0003681885125184094,0,0,1,0,1,0,1,0,0,0,0,0,1,1,0,0,0,0
ɞː,0.0003681885125184094,0,0,1,0,1,1,1,0,0,0,0,0,0,1,0,0,0,0
ɞ̜ː,0.0003681885125184094,0,0,1,0,1,1,1,0,0,0,0,0,0,-1,0,0,0,0
ɞ̜̃ː,0.0003681885125184094,0,0,1,0,1,1,1,0,0,1,0,0,0,-1,0,0,0,0
ɤ,0.024300441826215022,0,0,1,0,1,0,0,0,0,0,1,1,0,-1,0,0,0,0
ɤ̃,0.002577319587628866,0,0,1,0,1,0,0,0,0,1,1,1,0,-1,0,0,0,0
ɤ̞,0.0003681885125184094,0,0,1,0,1,0,0,0,0,0,1,-1,0,-1,0,0,0,0
ɤ̯,0.0003681885125184094,0,0,1,0,0,0,0,0,0,0,1,1,0,-1,0,0,0,0
ɤ̟,0.0003681885125184094,0,0,1,0,1,0,0,0,0,0,-1,1,0,-1,0,0,0,0
ɤ̝,0.0003681885125184094,0,0,1,-1,1,0,0,0,0,0,1,1,0,-1,0,0,0,0
ɤ̞̆,0.0003681885125184094,0,0,1,0,1,0,0,0,0,0,1,-1,0,-1,0,1,0,0
ɤ̞̃,0.0014727540500736377,0,0,1,0,1,0,0,0,0,1,1,-1,0,-1,0,0,0,0
ɤ̟̞̃,0.0003681885125184094,0,0,1,0,1,0,0,0,0,1,-1,-1,0,-1,0,0,0,0
ɤ̟̹,0.0003681885125184094,0,0,1,0,1,0,0,0,0,0,-1,1,0,-1,0,0,0,0
ɤ̤,0.0014727540500736377,0,0,1,0,1,0,0,0,1,0,1,1,0,-1,0,0,0,0
ɤː,0.005891016200294551,0,0,1,0,1,1,0,0,0,0,1,1,0,-1,0,0,0,0
ɤ̃ː,0.0003681885125184094,0,0,1,0,1,1,0,0,0,1,1,1,0,-1,0,0,0,0
ɤ̞ː,0.0007363770250368188,0,0,1,0,1,1,0,0,0,0,1,-1,0,-1,0,0,0,0
ɤ̤ː,0.0003681885125184094,0,0,1,0,1,1,0,0,1,0,1,1,0,-1,0,0,0,0
ɤˑ,0.0003681885125184094,0,0,1,0,1,1,0,0,0,0,1,1,0,-1,0,1,0,0
i,0.9329896907216495,1,0,1,1,1,0,0,1,0,0,0,1,0,-1,0,0,0,0
ĭ,0.002577319587628866,0,0,1,1,1,0,0,1,0,0,0,1,0,-1,0,1,0,0
ï,0.0011045655375552283,0,0,1,1,1,0,0,-1,0,0,0,-1,0,-1,0,0,0,0
ĩ,0.18814432989690721,0,0,1,1,1,0,0,1,0,1,0,1,0,-1,0,0,0,0
i̽,0.0003681885125184094,0,0,1,-1,1,0,0,-1,0,0,0,-1,0,-1,0,0,0,0
i̘,0.0007363770250368188,0,0,1,1,1,0,0,1,0,0,0,1,0,-1,0,0,0,1
i̙,0.0007363770250368188,0,0,1,1,1,0,0,1,0,0,0,1,0,-1,0,0,1,0
i̞,0.0007363770250368188,0,0,1,1,1,0,0,1,0,0,0,-1,0,-1,0,0,0,0
i̜,0.0007363770250368188,0,0,1,1,1,0,1,1,0,0,0,1,0,0,0,0,0,0
i̯,0.0007363770250368188,0,0,1,1,0,0,0,1,0,0,0,1,0,-1,0,0,0,0
ĩ̯,0.0007363770250368188,0,0,1,1,0,0,0,1,0,1,0,1,0,-1,0,0,0,0
ĩ̞,0.0007363770250368188,0,0,1,1,1,0,0,1,0,1,0,-1,0,-1,0,0,0,0
i̤,0.008836524300441826,0,0,1,1,1,0,0,1,1,0,0,1,0,-1,0,0,0,0
i̥,0.001840942562592047,0,0,0,1,1,0,0,1,0,0,0,1,0,-1,0,0,0,0
ḭ,0.008468335787923416,0,0,1,1,1,0,0,1,0,0,0,1,1,-1,0,0,0,0
ḭ̃,0.002577319587628866,0,0,1,1,1,0,0,1,0,1,0,1,1,-1,0,0,0,0
iː,0.32069219440353464,0,1,1,1,1,1,0,1,0,0,0,1,0,-1,0,0,0,0
ĩː,0.035346097201767304,0,0,1,1,1,1,0,1,0,1,0,1,0,-1,0,0,0,0
i̙ː,0.0003681885125184094,0,0,1,1,1,1,0,1,0,0,0,1,0,-1,0,0,1,0
i̞ː,0.0003681885125184094,0,0,1,1,1,1,0,1,0,0,0,-1,0,-1,0,0,0,0
i̩ː,0.0003681885125184094,0,0,1,1,1,1,0,1,0,0,0,1,0,-1,0,0,0,0
i̤ː,0.0029455081001472753,0,0,1,1,1,1,0,1,1,0,0,1,0,-1,0,0,0,0
ĩ̤ː,0.0003681885125184094,0,0,1,1,1,1,0,1,1,1,0,1,0,-1,0,0,0,0
ḭː,0.0007363770250368188,0,0,1,1,1,1,0,1,0,0,0,1,1,-1,0,0,0,0
iˑ,0.0033136966126656848,0,0,1,1,1,1,0,1,0,0,0,1,0,-1,0,1,0,0
i̤ˑ,0.0011045655375552283,0,0,1,1,1,1,0,1,1,0,0,1,0,-1,0,1,0,0
ḭˑ,0.0003681885125184094,0,0,1,1,1,1,0,1,0,0,0,1,1,-1,0,1,0,0
iʱ,0.0003681885125184094,0,0,1,1,1,0,0,1,1,0,0,1,0,-1,0,0,0,0
ii,0.0007363770250368188,0,0,1,1,1,0,0,1,0,0,0,1,0,-1,0,0,0,0
iˀ,0.0003681885125184094,0,0,1,1,1,0,0,1,0,0,0,1,1,-1,0,0,0,0
ɪ,0.14948453608247422,0,1,1,1,1,0,0,1,0,0,0,0,0,-1,0,0,0,0
ɪ̆,0.0011045655375552283,0,0,1,1,1,0,0,1,0,0,0,0,0,-1,0,1,0,0
ɪ̈,0.0029455081001472753,0,0,1,1,1,0,0,-1,0,0,0,0,0,-1,0,0,0,0
ɪ̃,0.03460972017673049,0,0,1,1,1,0,0,1,0,1,0,0,0,-1,0,0,0,0
ɪ̯,0.0007363770250368188,0,0,1,1,0,0,0,1,0,0,0,0,0,-1,0,0,0,0
ɪ̙,0.0007363770250368188,0,0,1,1,1,0,0,1,0,0,0,0,0,-1,0,0,1,0
ɪ̝,0.0007363770250368188,0,0,1,1,1,0,0,1,0,0,0,-1,0,-1,0,0,0,0
ɪ̞,0.0007363770250368188,0,0,1,-1,1,0,0,1,0,0,0,0,0,-1,0,0,0,0
ɪ̞̈,0.0003681885125184094,0,0,1,-1,1,0,0,-1,0,0,0,0,0,-1,0,0,0,0
ɪ̤,0.0007363770250368188,0,0,1,1,1,0,0,1,1,0,0,0,0,-1,0,0,0,0
ɪ̰,0.0007363770250368188,0,0,1,1,1,0,0,1,0,0,0,0,1,-1,0,0,0,0
ɪː,0.0312960235640648,0,0,1,1,1,1,0,1,0,0,0,0,0,-1,0,0,0,0
ɪ̈ː,0.0007363770250368188,0,0,1,1,1,1,0,-1,0,0,0,0,0,-1,0,0,0,0
ɪ̃ː,0.002577319587628866,0,0,1,1,1,1,0,1,0,1,0,0,0,-1,0,0,0,0
ɪ̙ː,0.0003681885125184094,0,0,1,1,1,1,0,1,0,0,0,0,0,-1,0,0,1,0
ɪ̝ː,0.0003681885125184094,0,0,1,1,1,1,0,1,0,0,0,-1,0,-1,0,0,0,0
ɨ,0.1723122238586156,1,0,1,1,1,0,0,0,0,0,0,1,0,-1,0,0,0,0
ɨ̆,0.0014727540500736377,0,0,1,1,1,0,0,0,0,0,0,1,0,-1,0,1,0,0
ɨ̃,0.04602356406480118,0,0,1,1,1,0,0,0,0,1,0,1,0,-1,0,0,0,0
ɨ̞,0.0003681885125184094,0,0,1,1,1,0,0,0,0,0,0,-1,0,-1,0,0,0,0
ɨ̜,0.0003681885125184094,0,0,1,1,1,0,1,0,0,0,0,1,0,0,0,0,0,0
ɨ̘,0.0003681885125184094,0,0,1,1,1,0,0,0,0,0,0,1,0,-1,0,0,0,1
ɨ̞̃,0.0003681885125184094,0,0,1,1,1,0,0,0,0,1,0,-1,0,-1,0,0,0,0
ɨ̞̰,0.0003681885125184094,0,0,1,1,1,0,0,0,0,0,0,-1,1,-1,0,0,0,0
ɨ̤,0.0003681885125184094,0,0,1,1,1,0,0,0,1,0,0,1,0,-1,0,0,0,0
ɨ̥,0.0003681885125184094,0,0,0,1,1,0,0,0,0,0,0,1,0,-1,0,0,0,0
ɨ̰,0.0003681885125184094,0,0,1,1,1,0,0,0,0,0,0,1,1,-1,0,0,0,0
ɨ̹,0.0007363770250368188,0,0,1,1,1,0,0,0,0,0,0,1,0,-1,0,0,0,0
ɨː,0.03055964653902798,0,0,1,1,1,1,0,0,0,0,0,1,0,-1,0,0,0,0
ɨ̃ː,0.0029455081001472753,0,0,1,1,1,1,0,0,0,1,0,1,0,-1,0,0,0,0
ɨ̞ː,0.0003681885125184094,0,0,1,1,1,1,0,0,0,0,0,-1,0,-1,0,0,0,0
ɨ̞̃ː,0.0003681885125184094,0,0,1,1,1,1,0,0,0,1,0,-1,0,-1,0,0,0,0
ɨ̹ː,0.0003681885125184094,0,0,1,1,1,1,0,0,0,0,0,1,0,-1,0,0,0,0
ɨˑ,0.0003681885125184094,0,0,1,1,1,1,0,0,0,0,0,1,0,-1,0,1,0,0
o,0.6104565537555229,1,0,1,0,1,0,1,0,0,0,1,1,0,1,0,0,0,0
ŏ,0.0007363770250368188,0,0,1,0,1,0,1,0,0,0,1,1,0,1,0,1,0,0
ŏ̃,0.0003681885125184094,0,0,1,0,1,0,1,0,0,1,1,1,0,1,0,1,0,0
ö,0.0011045655375552283,0,0,1,0,1,0,1,0,0,0,-1,-1,0,1,0,0,0,0
õ,0.12334315169366716,0,0,1,0,1,0,1,0,0,1,1,1,0,1,0,0,0,0
ø,0.03166421207658321,0,0,1,0,1,0,1,1,0,0,0,1,0,1,0,0,0,0
ø̆,0.0003681885125184094,0,0,1,0,1,0,1,1,0,0,0,1,0,1,0,1,0,0
ø̃,0.0007363770250368188,0,0,1,0,1,0,1,1,0,1,0,1,0,1,0,0,0,0
ø̞,0.005891016200294551,0,0,1,0,1,0,1,1,0,0,0,-1,0,1,0,0,0,0
ø̞̜,0.0003681885125184094,0,0,1,0,1,0,1,1,0,0,0,-1,0,-1,0,0,0,0
ø̤,0.0007363770250368188,0,0,1,0,1,0,1,1,1,0,0,1,0,1,0,0,0,0
ø̰,0.0003681885125184094,0,0,1,0,1,0,1,1,0,0,0,1,1,1,0,0,0,0
o̞,0.0003681885125184094,0,0,1,0,1,0,1,0,0,0,1,-1,0,1,0,0,0,0
o̯,0.0003681885125184094,0,0,1,0,0,0,1,0,0,0,1,1,0,1,0,0,0,0
o̟,0.0003681885125184094,0,0,1,0,1,0,1,0,0,0,-1,1,0,1,0,0,0,0
o̝,0.0003681885125184094,0,0,1,-1,1,0,1,0,0,0,1,1,0,1,0,0,0,0
o̘,0.0003681885125184094,0,0,1,0,1,0,1,0,0,0,1,1,0,1,0,0,0,1
o̙,0.0003681885125184094,0,0,1,0,1,0,1,0,0,0,1,1,0,1,0,0,1,0
ŏ̞,0.0007363770250368188,0,0,1,0,1,0,1,0,0,0,1,-1,0,1,0,1,0,0
ö̞,0.0003681885125184094,0,0,1,0,1,0,1,0,0,0,-1,-1,0,1,0,0,0,0
õ̞,0.02577319587628866,0,0,1,0,1,0,1,0,0,1,1,-1,0,1,0,0,0,0
o̟̞,0.0003681885125184094,0,0,1,0,1,0,1,0,0,0,-1,-1,0,1,0,0,0,0
o̞̜,0.0003681885125184094,0,0,1,0,1,0,1,0,0,0,1,-1,0,-1,0,0,0,0
o̞̙,0.0003681885125184094,0,0,1,0,1,0,1,0,0,0,1,-1,0,1,0,0,1,0
o̞̥,0.0003681885125184094,0,0,0,0,1,0,1,0,0,0,1,-1,0,1,0,0,0,0
o̞̰,0.0003681885125184094,0,0,1,0,1,0,1,0,0,0,1,-1,1,1,0,0,0,0
õ̞̰,0.0003681885125184094,0,0,1,0,1,0,1,0,0,1,1,-1,1,1,0,0,0,0
o̤,0.009204712812960236,0,0,1,0,1,0,1,0,1,0,1,1,0,1,0,0,0,0
o̰,0.007363770250368188,0,0,1,0,1,0,1,0,0,0,1,1,1,1,0,0,0,0
õ̰,0.0014727540500736377,0,0,1,0,1,0,1,0,0,1,1,1,1,1,0,0,0,0
oː,0.2106038291605302,0,0,1,0,1,1,1,0,0,0,1,1,0,1,0,0,0,0
õː,0.021723122238586155,0,0,1,0,1,1,1,0,0,1,1,1,0,1,0,0,0,0
øː,0.015832106038291605,0,0,1,0,1,1,1,1,0,0,0,1,0,1,0,0,0,0
ø̃ː,0.0014727540500736377,0,0,1,0,1,1,1,1,0,1,0,1,0,1,0,0,0,0
ø̞ː,0.0014727540500736377,0,0,1,0,1,1,1,1,0,0,0,-1,0,1,0,0,0,0
ø̞̜ː,0.0003681885125184094,0,0,1,0,1,1,1,1,0,0,0,-1,0,-1,0,0,0,0
o̞ː,0.0003681885125184094,0,0,1,0,1,1,1,0,0,0,1,-1,0,1,0,0,0,0
o̘ː,0.0003681885125184094,0,0,1,0,1,1,1,0,0,0,1,1,0,1,0,0,0,1
õ̞ː,0.0011045655375552283,0,0,1,0,1,1,1,0,0,1,1,-1,0,1,0,0,0,0
o̞̜ː,0.0003681885125184094,0,0,1,0,1,1,1,0,0,0,1,-1,0,-1,0,0,0,0
o̤ː,0.0022091310751104565,0,0,1,0,1,1,1,0,1,0,1,1,0,1,0,0,0,0
o̰ː,0.0003681885125184094,0,0,1,0,1,1,1,0,0,0,1,1,1,1,0,0,0,0
oˑ,0.0029455081001472753,0,0,1,0,1,1,1,0,0,0,1,1,0,1,0,1,0,0
øˑ,0.0003681885125184094,0,0,1,0,1,1,1,1,0,0,0,1,0,1,0,1,0,0
o̟ˑ,0.0003681885125184094,0,0,1,0,1,1,1,0,0,0,-1,1,0,1,0,1,0,0
o̤ˑ,0.0007363770250368188,0,0,1,0,1,1,1,0,1,0,1,1,0,1,0,1,0,0
o̰ˑ,0.0003681885125184094,0,0,1,0,1,1,1,0,0,0,1,1,1,1,0,1,0,0
œ,0.026509572901325478,0,0,1,0,1,0,1,1,0,0,0,0,0,1,0,0,0,0
œ̃,0.0022091310751104565,0,0,1,0,1,0,1,1,0,1,0,0,0,1,0,0,0,0
œ̞,0.0003681885125184094,0,0,1,0,1,0,1,1,0,0,0,0,0,1,-1,0,0,0
œ̜,0.0003681885125184094,0,0,1,0,1,0,1,1,0,0,0,0,0,-1,0,0,0,0
œ̤,0.0003681885125184094,0,0,1,0,1,0,1,1,1,0,0,0,0,1,0,0,0,0
œː,0.009941089837997054,0,0,1,0,1,1,1,1,0,0,0,0,0,1,0,0,0,0
œ̃ː,0.001840942562592047,0,0,1,0,1,1,1,1,0,1,0,0,0,1,0,0,0,0
œ̜ː,0.0003681885125184094,0,0,1,0,1,1,1,1,0,0,0,0,0,-1,0,0,0,0
œ̞ː,0.0003681885125184094,0,0,1,0,1,1,1,1,0,0,0,0,0,1,-1,0,0,0
œ̰ː,0.0003681885125184094,0,0,1,0,1,1,1,1,0,0,0,0,1,1,0,0,0,0
oo,0.0003681885125184094,0,0,1,0,1,0,1,0,0,0,1,1,0,1,0,0,0,0
oˀ,0.0003681885125184094,0,0,1,0,1,0,1,0,0,0,1,1,1,1,0,0,0,0
ɶ,0.0003681885125184094,0,0,1,0,1,0,1,0,0,0,0,-1,0,1,1,0,0,0
ɶ̝,0.0003681885125184094,0,0,1,0,1,0,1,0,0,0,0,-1,0,1,-1,0,0,0
ɶː,0.0003681885125184094,0,0,1,0,1,1,1,0,0,0,0,-1,0,1,1,0,0,0
ɔ,0.3545655375552283,0,0,1,0,1,0,1,0,0,0,1,0,0,1,0,0,0,0
ɔ̆,0.0011045655375552283,0,0,1,0,1,0,1,0,0,0,1,0,0,1,0,1,0,0
ɔ̃,0.08026509572901326,0,0,1,0,1,0,1,0,0,1,1,0,0,1,0,0,0,0
ɔ̽,0.0007363770250368188,0,0,1,0,1,0,1,0,0,0,-1,0,0,1,0,0,0,0
ɔ̯,0.0003681885125184094,0,0,1,0,0,0,1,0,0,0,1,0,0,1,0,0,0,0
ɔ̙,0.0003681885125184094,0,0,1,0,1,0,1,0,0,0,1,0,0,1,0,0,1,0
ɔ̝,0.0003681885125184094,0,0,1,0,1,0,1,0,0,0,1,-1,0,1,0,0,0,0
ɔ̜,0.0003681885125184094,0,0,1,0,1,0,1,0,0,0,1,0,0,-1,0,0,0,0
ɔ̞,0.0003681885125184094,0,0,1,0,1,0,1,0,0,0,1,0,0,1,-1,0,0,0
ɔ̞̃,0.0003681885125184094,0,0,1,0,1,0,1,0,0,1,1,0,0,1,-1,0,0,0
ɔ̟̜,0.0007363770250368188,0,0,1,0,1,0,1,0,0,0,-1,0,0,-1,0,0,0,0
ɔ̟̜̰,0.0003681885125184094,0,0,1,0,1,0,1,0,0,0,-1,0,1,-1,0,0,0,0
ɔ̤,0.006995581737849779,0,0,1,0,1,0,1,0,1,0,1,0,0,1,0,0,0,0
ɔ̰,0.002577319587628866,0,0,1,0,1,0,1,0,0,0,1,0,1,1,0,0,0,0
ɔː,0.10714285714285714,0,1,1,0,1,1,1,0,0,0,1,0,0,1,0,0,0,0
ɔ̃ː,0.014727540500736377,0,0,1,0,1,1,1,0,0,1,1,0,0,1,0,0,0,0
ɔ̘ː,0.0003681885125184094,0,0,1,0,1,1,1,0,0,0,1,0,0,1,0,0,0,1
ɔ̙ː,0.0003681885125184094,0,0,1,0,1,1,1,0,0,0,1,0,0,1,0,0,1,0
ɔ̝ː,0.0003681885125184094,0,0,1,0,1,1,1,0,0,0,1,-1,0,1,0,0,0,0
ɔ̜ː,0.0003681885125184094,0,0,1,0,1,1,1,0,0,0,1,0,0,-1,0,0,0,0
ɔ̞ː,0.0003681885125184094,0,0,1,0,1,1,1,0,0,0,1,0,0,1,-1,0,0,0
ɔ̜̃ː,0.0003681885125184094,0,0,1,0,1,1,1,0,0,1,1,0,0,-1,0,0,0,0
ɔ̞̃ː,0.0003681885125184094,0,0,1,0,1,1,1,0,0,1,1,0,0,1,-1,0,0,0
ɔ̟̜ː,0.0003681885125184094,0,0,1,0,1,1,1,0,0,0,-1,0,0,-1,0,0,0,0
ɔ̟̜̃ː,0.0003681885125184094,0,0,1,0,1,1,1,0,0,1,-1,0,0,-1,0,0,0,0
ɔ̤ː,0.0029455081001472753,0,0,1,0,1,1,1,0,1,0,1,0,0,1,0,0,0,0
ɔ̤̃ː,0.0003681885125184094,0,0,1,0,1,1,1,0,1,1,1,0,0,1,0,0,0,0
ɔ̰ː,0.0007363770250368188,0,0,1,0,1,1,1,0,0,0,1,0,1,1,0,0,0,0
ɔˑ,0.0007363770250368188,0,0,1,0,1,1,1,0,0,0,1,0,0,1,0,1,0,0
ɔ̤ˑ,0.0011045655375552283,0,0,1,0,1,1,1,0,1,0,1,0,0,1,0,1,0,0
ɔ̰ˑ,0.0003681885125184094,0,0,1,0,1,1,1,0,0,0,1,0,1,1,0,1,0,0
ɵ,0.012518409425625921,0,0,1,0,1,0,1,0,0,0,0,1,0,1,0,0,0,0
ɵ̆,0.0003681885125184094,0,0,1,0,1,0,1,0,0,0,0,1,0,1,0,1,0,0
ɵ̃,0.0007363770250368188,0,0,1,0,1,0,1,0,0,1,0,1,0,1,0,0,0,0
ɵ̞,0.004050073637702504,0,0,1,0,1,0,1,0,0,0,0,-1,0,1,0,0,0,0
ɵ̟,0.004050073637702504,0,0,1,0,1,0,1,-1,0,0,0,1,0,1,0,0,0,0
ɵ̞̆,0.0011045655375552283,0,0,1,0,1,0,1,0,0,0,0,-1,0,1,0,1,0,0
ɵ̞̰,0.0003681885125184094,0,0,1,0,1,0,1,0,0,0,0,-1,1,1,0,0,0,0
ɵ̤,0.0007363770250368188,0,0,1,0,1,0,1,0,1,0,0,1,0,1,0,0,0,0
ɵː,0.004786450662739323,0,0,1,0,1,1,1,0,0,0,0,1,0,1,0,0,0,0
ɵ̞ː,0.001840942562592047,0,0,1,0,1,1,1,0,0,0,0,-1,0,1,0,0,0,0
ɵ̤ː,0.0003681885125184094,0,0,1,0,1,1,1,0,1,0,0,1,0,1,0,0,0,0
u,0.8869661266568483,1,0,1,1,1,0,1,0,0,0,1,1,0,1,0,0,0,0
ŭ,0.002577319587628866,0,0,1,1,1,0,1,0,0,0,1,1,0,1,0,1,0,0
ŭ̃,0.0003681885125184094,0,0,1,1,1,0,1,0,0,1,1,1,0,1,0,1,0,0
ü,0.0003681885125184094,0,0,1,1,1,0,1,0,0,0,-1,-1,0,1,0,0,0,0
ũ,0.17341678939617083,0,0,1,1,1,0,1,0,0,1,1,1,0,1,0,0,0,0
u̘,0.0003681885125184094,0,0,1,1,1,0,1,0,0,0,1,1,0,1,0,0,0,1
u̙,0.0003681885125184094,0,0,1,1,1,0,1,0,0,0,1,1,0,1,0,0,1,0
u̞,0.0003681885125184094,0,0,1,1,1,0,1,0,0,0,1,-1,0,1,0,0,0,0
u̜,0.0003681885125184094,0,0,1,1,1,0,1,0,0,0,1,1,0,-1,0,0,0,0
u̯,0.0003681885125184094,0,0,1,1,0,0,1,0,0,0,1,1,0,1,0,0,0,0
u̟,0.0003681885125184094,0,0,1,1,1,0,1,0,0,0,-1,1,0,1,0,0,0,0
ũ̯,0.0007363770250368188,0,0,1,1,0,0,1,0,0,1,1,1,0,1,0,0,0,0
ṳ,0.008836524300441826,0,0,1,1,1,0,1,0,1,0,1,1,0,1,0,0,0,0
u̥,0.001840942562592047,0,0,0,1,1,0,1,0,0,0,1,1,0,1,0,0,0,0
ṵ,0.007731958762886598,0,0,1,1,1,0,1,0,0,0,1,1,1,1,0,0,0,0
ṵ̃,0.0014727540500736377,0,0,1,1,1,0,1,0,0,1,1,1,1,1,0,0,0,0
uː,0.296759941089838,0,1,1,1,1,1,1,0,0,0,1,1,0,1,0,0,0,0
üː,0.0011045655375552283,0,0,1,1,1,1,1,0,0,0,-1,-1,0,1,0,0,0,0
ũː,0.03424153166421208,0,0,1,1,1,1,1,0,0,1,1,1,0,1,0,0,0,0
u̞ː,0.0014727540500736377,0,0,1,1,1,1,1,0,0,0,1,-1,0,1,0,0,0,0
ṳː,0.0022091310751104565,0,0,1,1,1,1,1,0,1,0,1,1,0,1,0,0,0,0
ṳ̃ː,0.0003681885125184094,0,0,1,1,1,1,1,0,1,1,1,1,0,1,0,0,0,0
ṵː,0.0003681885125184094,0,0,1,1,1,1,1,0,0,0,1,1,1,1,0,0,0,0
uˑ,0.0022091310751104565,0,0,1,1,1,1,1,0,0,0,1,1,0,1,0,1,0,0
u̞ˑ,0.0003681885125184094,0,0,1,1,1,1,1,0,0,0,1,-1,0,1,0,1,0,0
ṳˑ,0.0011045655375552283,0,0,1,1,1,1,1,0,1,0,1,1,0,1,0,1,0,0
uʱ,0.0003681885125184094,0,0,1,1,1,0,1,0,1,0,1,1,0,1,0,0,0,0
uˀ,0.0003681885125184094,0,0,1,1,1,0,1,0,0,0,1,1,1,1,0,0,0,0
ʉ,0.023564064801178203,0,0,1,1,1,0,1,0,0,0,0,1,0,1,0,0,0,0
ʉ̆,0.0003681885125184094,0,0,1,1,1,0,1,0,0,0,0,1,0,1,0,1,0,0
ʉ̃,0.0014727540500736377,0,0,1,1,1,0,1,0,0,1,0,1,0,1,0,0,0,0
ʉ̞,0.0007363770250368188,0,0,1,1,1,0,1,0,0,0,0,-1,0,1,0,0,0,0
ʉ̟,0.0007363770250368188,0,0,1,1,1,0,1,-1,0,0,0,1,0,1,0,0,0,0
ʉ̰,0.0003681885125184094,0,0,1,1,1,0,1,0,0,0,0,1,1,1,0,0,0,0
ʉː,0.0062592047128129605,0,1,1,1,1,1,1,0,0,0,0,1,0,1,0,0,0,0
ʉ̃ː,0.0007363770250368188,0,0,1,1,1,1,1,0,0,1,0,1,0,1,0,0,0,0
ʉ̟ː,0.0003681885125184094,0,0,1,1,1,1,1,-1,0,0,0,1,0,1,0,0,0,0
ɯ,0.06296023564064801,0,0,1,1,1,0,0,0,0,0,1,1,0,-1,0,0,0,0
ɯ̆,0.0003681885125184094,0,0,1,1,1,0,0,0,0,0,1,1,0,-1,0,1,0,0
ɯ̃,0.013622974963181149,0,0,1,1,1,0,0,0,0,1,1,1,0,-1,0,0,0,0
ɯ̽,0.0033136966126656848,0,0,1,-1,1,0,0,0,0,0,-1,-1,0,-1,0,0,0,0
ɯ̞,0.0003681885125184094,0,0,1,1,1,0,0,0,0,0,1,-1,0,-1,0,0,0,0
ɯ̟,0.0003681885125184094,0,0,1,1,1,0,0,0,0,0,-1,1,0,-1,0,0,0,0
ɯ̝,0.0003681885125184094,0,0,1,1,1,0,0,0,0,0,1,1,0,-1,0,0,0,0
ɯ̙,0.0003681885125184094,0,0,1,1,1,0,0,0,0,0,1,1,0,-1,0,0,1,0
ɯ̞̆,0.0003681885125184094,0,0,1,1,1,0,0,0,0,0,1,-1,0,-1,0,1,0,0
ɯ̞̯,0.0003681885125184094,0,0,1,1,0,0,0,0,0,0,1,-1,0,-1,0,0,0,0
ɯ̤,0.0029455081001472753,0,0,1,1,1,0,0,0,1,0,1,1,0,-1,0,0,0,0
ɯ̰,0.001840942562592047,0,0,1,1,1,0,0,0,0,0,1,1,1,-1,0,0,0,0
ɯː,0.015463917525773196,0,0,1,1,1,1,0,0,0,0,1,1,0,-1,0,0,0,0
ɯ̃ː,0.001840942562592047,0,0,1,1,1,1,0,0,0,1,1,1,0,-1,0,0,0,0
ɯ̽ː,0.0007363770250368188,0,0,1,-1,1,1,0,0,0,0,-1,-1,0,-1,0,0,0,0
ɯ̤ː,0.0003681885125184094,0,0,1,1,1,1,0,0,1,0,1,1,0,-1,0,0,0,0
ɯ̰̽ː,0.0003681885125184094,0,0,1,-1,1,1,0,0,0,0,-1,-1,1,-1,0,0,0,0
ɯˑ,0.0003681885125184094,0,0,1,1,1,1,0,0,0,0,1,1,0,-1,0,1,0,0
ʊ,0.1406480117820324,0,1,1,1,1,0,1,0,0,0,1,0,0,1,0,0,0,0
ʊ̆,0.0007363770250368188,0,0,1,1,1,0,1,0,0,0,1,0,0,1,0,1,0,0
ʊ̈,0.0011045655375552283,0,0,1,1,1,0,1,0,0,0,-1,0,0,1,0,0,0,0
ʊ̃,0.03166421207658321,0,0,1,1,1,0,1,0,0,1,1,0,0,1,0,0,0,0
ʊ̽,0.0003681885125184094,0,0,1,-1,1,0,1,0,0,0,-1,0,0,1,0,0,0,0
ʊ̯,0.0007363770250368188,0,0,1,1,0,0,1,0,0,0,1,0,0,1,0,0,0,0
ʊ̙,0.0007363770250368188,0,0,1,1,1,0,1,0,0,0,1,0,0,1,0,0,1,0
ʊ̟,0.0007363770250368188,0,0,1,1,1,0,1,0,0,0,-1,0,0,1,0,0,0,0
ʊ̜,0.0007363770250368188,0,0,1,1,1,0,1,0,0,0,1,0,0,-1,0,0,0,0
ʊ̞,0.0007363770250368188,0,0,1,-1,1,0,1,0,0,0,1,0,0,1,0,0,0,0
ʊ̞̈,0.0003681885125184094,0,0,1,-1,1,0,1,0,0,0,-1,0,0,1,0,0,0,0
ʊ̜̈,0.0003681885125184094,0,0,1,1,1,0,1,0,0,0,-1,0,0,-1,0,0,0,0
ʊ̤,0.0011045655375552283,0,0,1,1,1,0,1,0,1,0,1,0,0,1,0,0,0,0
ʊ̰,0.0003681885125184094,0,0,1,1,1,0,1,0,0,0,1,0,1,1,0,0,0,0
ʊː,0.030927835051546393,0,0,1,1,1,1,1,0,0,0,1,0,0,1,0,0,0,0
ʊ̈ː,0.0003681885125184094,0,0,1,1,1,1,1,0,0,0,-1,0,0,1,0,0,0,0
ʊ̃ː,0.001840942562592047,0,0,1,1,1,1,1,0,0,1,1,0,0,1,0,0,0,0
ʊ̙ː,0.0007363770250368188,0,0,1,1,1,1,1,0,0,0,1,0,0,1,0,0,1,0
ʊ̤ː,0.0003681885125184094,0,0,1,1,1,1,1,0,1,0,1,0,0,1,0,0,0,0
ʌ,0.04639175257731959,0,1,1,0,1,0,0,0,0,0,1,0,0,-1,0,0,0,0
ʌ̃,0.008468335787923416,0,0,1,0,1,0,0,0,0,1,1,0,0,-1,0,0,0,0
ʌ̯,0.0003681885125184094,0,0,1,0,0,0,0,0,0,0,1,0,0,-1,0,0,0,0
ʌ̤,0.0014727540500736377,0,0,1,0,1,0,0,0,1,0,1,0,0,-1,0,0,0,0
ʌː,0.006995581737849779,0,0,1,0,1,1,0,0,0,0,1,0,0,-1,0,0,0,0
ʌ̃ː,0.0011045655375552283,0,0,1,0,1,1,0,0,0,1,1,0,0,-1,0,0,0,0
ʌ̤ː,0.0007363770250368188,0,0,1,0,1,1,0,0,1,0,1,0,0,-1,0,0,0,0
y,0.05817378497790869,0,0,1,1,1,0,1,1,0,0,0,1,0,1,0,0,0,0
y̆,0.0003681885125184094,0,0,1,1,1,0,1,1,0,0,0,1,0,1,0,1,0,0
ỹ,0.0033136966126656848,0,0,1,1,1,0,1,1,0,1,0,1,0,1,0,0,0,0
y̞,0.0011045655375552283,0,0,1,1,1,0,1,1,0,0,0,-1,0,1,0,0,0,0
y̤,0.0011045655375552283,0,0,1,1,1,0,1,1,1,0,0,1,0,1,0,0,0,0
y̰,0.0003681885125184094,0,0,1,1,1,0,1,1,0,0,0,1,1,1,0,0,0,0
yː,0.020618556701030927,0,0,1,1,1,1,1,1,0,0,0,1,0,1,0,0,0,0
ỹː,0.0022091310751104565,0,0,1,1,1,1,1,1,0,1,0,1,0,1,0,0,0,0
y̰ː,0.0003681885125184094,0,0,1,1,1,1,1,1,0,0,0,1,1,1,0,0,0,0
yˑ,0.0003681885125184094,0,0,1,1,1,1,1,1,0,0,0,1,0,1,0,1,0,0
ʏ,0.007363770250368188,0,0,1,1,1,0,1,1,0,0,0,0,0,1,0,0,0,0
ʏ̃,0.0003681885125184094,0,0,1,1,1,0,1,1,0,1,0,0,0,1,0,0,0,0
ʏː,0.001840942562592047,0,0,1,1,1,1,1,1,0,0,0,0,0,1,0,0,0,0
ʏ̃ː,0.0003681885125184094,0,0,1,1,1,1,1,1,0,1,0,0,0,1,0,0,0,0